{
    "Reeza Hendricks": {
        "360score": 159.8484420494374,
        "iww": "iww\\reeza_hendricks.png",
        "rank": 59
    },
    "Faf du Plessis": {
        "360score": 235.6771666178663,
        "iww": "iww\\faf_du_plessis.png",
        "rank": 25
    },
    "Rilee Rossouw": {
        "360score": 362.152187543815,
        "iww": "iww\\rilee_rossouw.png",
        "rank": 5
    },
    "David Miller": {
        "360score": 142.56745685617176,
        "iww": "iww\\david_miller.png",
        "rank": 71
    },
    "Chris Gayle": {
        "360score": 225.18382905362117,
        "iww": "iww\\chris_gayle.png",
        "rank": 27
    },
    "Kieron Pollard": {
        "360score": 157.40445503158,
        "iww": "iww\\kieron_pollard.png",
        "rank": 63
    },
    "Andre Russell": {
        "360score": 249.7089024342139,
        "iww": "iww\\andre_russell.png",
        "rank": 16
    },
    "Lendl Simmons": {
        "360score": 163.29821598327047,
        "iww": "iww\\lendl_simmons.png",
        "rank": 56
    },
    "Andre Fletcher": {
        "360score": 205.07262883967522,
        "iww": "iww\\andre_fletcher.png",
        "rank": 39
    },
    "Jason Roy": {
        "360score": 241.98556547079824,
        "iww": "iww\\jason_roy.png",
        "rank": 21
    },
    "Alex Hales": {
        "360score": 212.93419391579286,
        "iww": "iww\\alex_hales.png",
        "rank": 32
    },
    "Jonny Bairstow": {
        "360score": 193.22119370367201,
        "iww": "iww\\jonny_bairstow.png",
        "rank": 42
    },
    "Martin Guptill": {
        "360score": 144.602233065198,
        "iww": "iww\\martin_guptill.png",
        "rank": 70
    },
    "Kane Williamson": {
        "360score": 209.5966765893974,
        "iww": "iww\\kane_williamson.png",
        "rank": 36
    },
    "Colin Munro": {
        "360score": 184.99342062102247,
        "iww": "iww\\colin_munro.png",
        "rank": 47
    },
    "Moeen Ali": {
        "360score": 182.11351004681183,
        "iww": "iww\\moeen_ali.png",
        "rank": 49
    },
    "Jos Buttler": {
        "360score": 336.5487899291862,
        "iww": "iww\\jos_buttler.png",
        "rank": 6
    },
    "David Warner": {
        "360score": 209.64139757176832,
        "iww": "iww\\david_warner.png",
        "rank": 35
    },
    "Shane Watson": {
        "360score": 158.96082660871392,
        "iww": "iww\\shane_watson.png",
        "rank": 60
    },
    "Glenn Maxwell": {
        "360score": 420.90117064184284,
        "iww": "iww\\glenn_maxwell.png",
        "rank": 2
    },
    "Steven Smith": {
        "360score": 251.2530424811531,
        "iww": "iww\\steven_smith.png",
        "rank": 15
    },
    "Mitchell Marsh": {
        "360score": 158.00786348374797,
        "iww": "iww\\mitchell_marsh.png",
        "rank": 62
    },
    "Marcus Stoinis": {
        "360score": 197.62528831401997,
        "iww": "iww\\marcus_stoinis.png",
        "rank": 41
    },
    "Matthew Wade": {
        "360score": 309.151443760062,
        "iww": "iww\\matthew_wade.png",
        "rank": 7
    },
    "AB de Villiers": {
        "360score": 271.3723002866115,
        "iww": "iww\\ab_de_villiers.png",
        "rank": 13
    },
    "Quinton de Kock": {
        "360score": 247.46912144740963,
        "iww": "iww\\quinton_de_kock.png",
        "rank": 18
    },
    "Tamim Iqbal": {
        "360score": 201.6344109996266,
        "iww": "iww\\tamim_iqbal.png",
        "rank": 40
    },
    "Shakib Al Hasan": {
        "360score": 244.53665834718572,
        "iww": "iww\\shakib_al_hasan.png",
        "rank": 20
    },
    "Litton Das": {
        "360score": 279.3513968266959,
        "iww": "iww\\litton_das.png",
        "rank": 11
    },
    "Rohit Sharma": {
        "360score": 270.96365431685433,
        "iww": "iww\\rohit_sharma.png",
        "rank": 14
    },
    "Aaron Finch": {
        "360score": 205.12883904419067,
        "iww": "iww\\aaron_finch.png",
        "rank": 38
    },
    "Manish Pandey": {
        "360score": 158.16127168203874,
        "iww": "iww\\manish_pandey.png",
        "rank": 61
    },
    "Suryakumar Yadav": {
        "360score": 502.10882125269313,
        "iww": "iww\\suryakumar_yadav.png",
        "rank": 1
    },
    "Suresh Raina": {
        "360score": 162.30288063818196,
        "iww": "iww\\suresh_raina.png",
        "rank": 57
    },
    "MS Dhoni": {
        "360score": 128.172506466103,
        "iww": "iww\\ms_dhoni.png",
        "rank": 74
    },
    "Shreyas Iyer": {
        "360score": 212.49310380755242,
        "iww": "iww\\shreyas_iyer.png",
        "rank": 33
    },
    "Ajinkya Rahane": {
        "360score": 168.2144012643889,
        "iww": "iww\\ajinkya_rahane.png",
        "rank": 54
    },
    "Sanju Samson": {
        "360score": 213.28267829875549,
        "iww": "iww\\sanju_samson.png",
        "rank": 31
    },
    "Shikhar Dhawan": {
        "360score": 217.95203768765884,
        "iww": "iww\\shikhar_dhawan.png",
        "rank": 29
    },
    "KL Rahul": {
        "360score": 228.2789493199966,
        "iww": "iww\\kl_rahul.png",
        "rank": 26
    },
    "Virat Kohli": {
        "360score": 138.84970474772865,
        "iww": "iww\\virat_kohli.png",
        "rank": 72
    },
    "Dinesh Karthik": {
        "360score": 365.58694510100275,
        "iww": "iww\\dinesh_karthik.png",
        "rank": 4
    },
    "Ambati Rayudu": {
        "360score": 181.0121732571035,
        "iww": "iww\\ambati_rayudu.png",
        "rank": 50
    },
    "Hardik Pandya": {
        "360score": 188.41252007264248,
        "iww": "iww\\hardik_pandya.png",
        "rank": 44
    },
    "Shoaib Malik": {
        "360score": 145.23458561125727,
        "iww": "iww\\shoaib_malik.png",
        "rank": 69
    },
    "Johnson Charles": {
        "360score": 211.8342388185185,
        "iww": "iww\\johnson_charles.png",
        "rank": 34
    },
    "Chris Lynn": {
        "360score": 156.1212930825116,
        "iww": "iww\\chris_lynn.png",
        "rank": 64
    },
    "Evin Lewis": {
        "360score": 172.8258052553281,
        "iww": "iww\\evin_lewis.png",
        "rank": 52
    },
    "Mohammad Hafeez": {
        "360score": 205.51433978617519,
        "iww": "iww\\mohammad_hafeez.png",
        "rank": 37
    },
    "Mohammad Rizwan": {
        "360score": 239.72479567228476,
        "iww": "iww\\mohammad_rizwan.png",
        "rank": 22
    },
    "Mohammad Nabi": {
        "360score": 168.71931384828946,
        "iww": "iww\\mohammad_nabi.png",
        "rank": 53
    },
    "James Vince": {
        "360score": 136.33652900554628,
        "iww": "iww\\james_vince.png",
        "rank": 73
    },
    "Kusal Mendis": {
        "360score": 216.18611914560728,
        "iww": "iww\\kusal_mendis.png",
        "rank": 30
    },
    "Babar Azam": {
        "360score": 154.8807300755884,
        "iww": "iww\\babar_azam.png",
        "rank": 66
    },
    "Mahmudullah": {
        "360score": 183.60280231370928,
        "iww": "iww\\mahmudullah.png",
        "rank": 48
    },
    "Ishan Kishan": {
        "360score": 249.41910740246684,
        "iww": "iww\\ishan_kishan.png",
        "rank": 17
    },
    "Rishabh Pant": {
        "360score": 277.29259368390865,
        "iww": "iww\\rishabh_pant.png",
        "rank": 12
    },
    "Nitish Rana": {
        "360score": 377.4097992764554,
        "iww": "iww\\nitish_rana.png",
        "rank": 3
    },
    "Glenn Phillips": {
        "360score": 154.6922686966554,
        "iww": "iww\\glenn_phillips.png",
        "rank": 67
    },
    "Liam Livingstone": {
        "360score": 301.06467400307014,
        "iww": "iww\\liam_livingstone.png",
        "rank": 10
    },
    "Dawid Malan": {
        "360score": 187.14552207409815,
        "iww": "iww\\dawid_malan.png",
        "rank": 45
    },
    "Rovman Powell": {
        "360score": 245.40481629454268,
        "iww": "iww\\rovman_powell.png",
        "rank": 19
    },